model,cv_f1_weighted_mean,cv_f1_weighted_std
Extra Trees,0.9917063156124385,0.007816725036483155
Random Forest,0.9832269929383332,0.01586775803985858
Gradient Boosting,0.9669138933596081,0.011984348509860151
