rank,model,accuracy,f1_weighted,f1_macro,roc_auc
1,Logistic Regression,0.9933333333333333,0.9933573915796139,0.9941753719531498,1.0
2,Extra Trees,0.9866666666666667,0.9866666666666667,0.988265306122449,0.9997934208648495
3,SVM (RBF),0.9866666666666667,0.9865628913938093,0.9779906594951453,0.9999345892203034
4,Random Forest,0.98,0.9800721747388415,0.9825261158594492,0.9992287474430332
5,Gradient Boosting,0.9733333333333334,0.9735210795406923,0.976866985164697,0.9990118215118216
6,KNN,0.9733333333333334,0.9731965036533006,0.9661150117947036,0.9988207625707627
7,Decision Tree,0.96,0.96,0.9647959183673468,0.9682371200228342
8,Naive Bayes,0.9133333333333333,0.9152000640525231,0.9103865169438939,0.9974919708770641
